<?xml version="1.0" encoding="utf-8" ?>
<ISO11783_TaskData xmlns:xsd="http://www.w3.org/2001/XMLSchema" xmlns:xsi="http://www.w3.org/2001/XMLSchema-instance" VersionMajor="3" VersionMinor="0" ManagementSoftwareManufacturer="Toolbox" ManagementSoftwareVersion="0.1" DataTransferOrigin="2" TaskControllerManufacturer="AGCO" TaskControllerVersion="3.0.0">
    <CTP A="CTP1" B="Corn">
        <CVT A="CVT1" B="K77" C="PDT1" />
        <CVT A="CVT2" B="Y99" C="PDT2" />
    </CTP>
    <CTP A="CTP2" B="Soybeans">
        <CVT A="CVT3" B="B95" C="PDT3" />
    </CTP>
    <VPN A="VPN1" B="0" C="1" D="0" E="seeds/acre" />
    <PGP A="PGP1" B="Seed" C="1" />
    <PGP A="PGP2" B="Fertilizer" C="1" />
    <PGP A="PGP3" B="Herbicides" C="1" />
    <PDT A="PDT1" B="K77" C="PGP1" F="1" />
    <PDT A="PDT2" B="Y99" C="PGP1" F="1" />
    <PDT A="PDT3" B="B95" C="PGP1" F="1" />
    <PDT A="PDT4" B="10-34-0" C="PGP2" F="1" />
    <PDT A="PDT5" B="Anhydrous" C="PGP2" F="1" />
    <PDT A="PDT6" B="6-24-24" C="PGP2" F="1" />
    <PDT A="PDT7" B="RoundUp" C="PGP3" F="1" />
    <CTR A="CTR0" B="Europe" />
    <CTR A="CTR1" B="South America" />
    <CTR A="CTR2" B="North America" />
    <FRM A="FRM0" B="Germany" I="CTR0" />
    <FRM A="FRM1" B="Brazil" I="CTR1" />
    <FRM A="FRM2" B="Iowa" I="CTR2" />
    <PFD A="PFD0" C="14.39ha Field" D="0" E="CTR0" F="FRM0">
        <PLN A="1" B="5/5/2014 2:37:36 PM">
            <LSG A="1">
                <PNT A="2" C="52.3601744602481" D="8.02580185998966" />
                <PNT A="2" C="52.3603487714977" D="8.0261494522728" />
                <PNT A="2" C="52.3603739718518" D="8.02635206519615" />
                <PNT A="2" C="52.3604240100876" D="8.02671337173453" />
                <PNT A="2" C="52.3604812210498" D="8.02712943165839" />
                <PNT A="2" C="52.3605522814092" D="8.0275946079085" />
                <PNT A="2" C="52.3605116104668" D="8.02796339733324" />
                <PNT A="2" C="52.3604621178987" D="8.02848612736599" />
                <PNT A="2" C="52.3604354747022" D="8.02892599080538" />
                <PNT A="2" C="52.3604161829384" D="8.02944256661466" />
                <PNT A="2" C="52.3604233726628" D="8.0299091435418" />
                <PNT A="2" C="52.3604296603833" D="8.03026592047866" />
                <PNT A="2" C="52.360436486992" D="8.03068857764471" />
                <PNT A="2" C="52.3604471678259" D="8.03117155162803" />
                <PNT A="2" C="52.3604472688027" D="8.03159435599796" />
                <PNT A="2" C="52.3604546298494" D="8.03208289376646" />
                <PNT A="2" C="52.360421512726" D="8.03214401776706" />
                <PNT A="2" C="52.3603505694043" D="8.03210163882765" />
                <PNT A="2" C="52.3599993489528" D="8.03190614260769" />
                <PNT A="2" C="52.3596883269058" D="8.03169329871738" />
                <PNT A="2" C="52.3592458605651" D="8.03143940272294" />
                <PNT A="2" C="52.3576310069972" D="8.03046989457137" />
                <PNT A="2" C="52.3567796797392" D="8.02996141975924" />
                <PNT A="2" C="52.356262679196" D="8.02963781230658" />
                <PNT A="2" C="52.3561712979369" D="8.02956294580726" />
                <PNT A="2" C="52.3559014613692" D="8.029453552915" />
                <PNT A="2" C="52.3557797847299" D="8.02937386020512" />
                <PNT A="2" C="52.3557549500583" D="8.0292151818916" />
                <PNT A="2" C="52.3557222009368" D="8.02850214568281" />
                <PNT A="2" C="52.3556726419112" D="8.02778947909413" />
                <PNT A="2" C="52.3556740622119" D="8.02755336056495" />
                <PNT A="2" C="52.3557576391127" D="8.02749662331108" />
                <PNT A="2" C="52.3560943091234" D="8.02745717936244" />
                <PNT A="2" C="52.3572600394954" D="8.02705187242524" />
                <PNT A="2" C="52.3578801773837" D="8.02683510772763" />
                <PNT A="2" C="52.3588112371002" D="8.02645077119499" />
                <PNT A="2" C="52.3595848460082" D="8.02605092553341" />
                <PNT A="2" C="52.3598861720141" D="8.02590154119095" />
                <PNT A="2" C="52.3600903867709" D="8.02579821665172" />
                <PNT A="2" C="52.3601744602481" D="8.02580185998966" />
            </LSG>
        </PLN>
    </PFD>
    <PFD A="PFD1" C="25.77ha with holes" D="0" E="CTR1" F="FRM1">
        <PLN A="1" B="5/5/2014 2:37:36 PM">
            <LSG A="1">
                <PNT A="2" C="-14.7682089440552" D="-50.5147241411065" />
                <PNT A="2" C="-14.7696941053894" D="-50.5084281913112" />
                <PNT A="2" C="-14.770952569302" D="-50.5089563908723" />
                <PNT A="2" C="-14.7707810277516" D="-50.5092842434481" />
                <PNT A="2" C="-14.7714191902889" D="-50.509698784591" />
                <PNT A="2" C="-14.7718060105579" D="-50.5093615977833" />
                <PNT A="2" C="-14.7738918699966" D="-50.5101977235211" />
                <PNT A="2" C="-14.7741766813327" D="-50.5104891554806" />
                <PNT A="2" C="-14.7741771503052" D="-50.5107104196391" />
                <PNT A="2" C="-14.7715679331744" D="-50.5148848467913" />
                <PNT A="2" C="-14.7682089440552" D="-50.5147241411065" />
            </LSG>
            <LSG A="2">
                <PNT A="2" C="-14.7712314374105" D="-50.5105046000439" />
                <PNT A="2" C="-14.7711097637301" D="-50.50998269388" />
                <PNT A="2" C="-14.7706097675641" D="-50.509744851831" />
                <PNT A="2" C="-14.7702998338178" D="-50.509789798939" />
                <PNT A="2" C="-14.7700752108654" D="-50.5094539857128" />
                <PNT A="2" C="-14.7698944365754" D="-50.5094897929614" />
                <PNT A="2" C="-14.7699217935916" D="-50.5102066168505" />
                <PNT A="2" C="-14.7700514784398" D="-50.5104452882941" />
                <PNT A="2" C="-14.7705942707931" D="-50.51055912915" />
                <PNT A="2" C="-14.7708100178657" D="-50.5107710575809" />
                <PNT A="2" C="-14.7711715856113" D="-50.5107082952213" />
                <PNT A="2" C="-14.7712314374105" D="-50.5105046000439" />
            </LSG>
            <LSG A="2">
                <PNT A="2" C="-14.7699135955399" D="-50.5144813966479" />
                <PNT A="2" C="-14.7699740647771" D="-50.5145697668206" />
                <PNT A="2" C="-14.7702065671072" D="-50.5145604002529" />
                <PNT A="2" C="-14.7702317328656" D="-50.5142417280797" />
                <PNT A="2" C="-14.7704729587364" D="-50.5142854445406" />
                <PNT A="2" C="-14.7705243508154" D="-50.5141525734194" />
                <PNT A="2" C="-14.7705830688798" D="-50.5134090037724" />
                <PNT A="2" C="-14.7704019768696" D="-50.5132943507753" />
                <PNT A="2" C="-14.7698263225287" D="-50.5139328633565" />
                <PNT A="2" C="-14.7699135955399" D="-50.5144813966479" />
            </LSG>
            <LSG A="2">
                <PNT A="2" C="-14.770683610639" D="-50.5120812096366" />
                <PNT A="2" C="-14.7708042704822" D="-50.5121251927744" />
                <PNT A="2" C="-14.7709590973882" D="-50.5120363425372" />
                <PNT A="2" C="-14.7711221245781" D="-50.5117527631743" />
                <PNT A="2" C="-14.7711560106242" D="-50.5114871728945" />
                <PNT A="2" C="-14.770759714287" D="-50.5114172544768" />
                <PNT A="2" C="-14.770683610639" D="-50.5120812096366" />
            </LSG>
        </PLN>
    </PFD>
    <PFD A="PFD2" C="73.67ac Field" D="0" E="CTR2" F="FRM2">
        <PLN A="1" B="5/5/2014 2:37:36 PM">
            <LSG A="1">
                <PNT A="2" C="41.8502850006951" D="-93.8207820000094" />
                <PNT A="2" C="41.8500850006951" D="-93.8207720000094" />
                <PNT A="2" C="41.849685000695" D="-93.8207820000094" />
                <PNT A="2" C="41.849595000695" D="-93.8208020000094" />
                <PNT A="2" C="41.849515000695" D="-93.8208620000094" />
                <PNT A="2" C="41.8494450006949" D="-93.8209420000094" />
                <PNT A="2" C="41.8494350006949" D="-93.8211720000094" />
                <PNT A="2" C="41.8494450006949" D="-93.8217120000094" />
                <PNT A="2" C="41.849465000695" D="-93.8220520000094" />
                <PNT A="2" C="41.849455000695" D="-93.8225620000094" />
                <PNT A="2" C="41.8494750006949" D="-93.8238720000094" />
                <PNT A="2" C="41.849485000695" D="-93.8241420000094" />
                <PNT A="2" C="41.849485000695" D="-93.8244120000094" />
                <PNT A="2" C="41.849495000695" D="-93.8245420000095" />
                <PNT A="2" C="41.849515000695" D="-93.8250920000095" />
                <PNT A="2" C="41.849565000695" D="-93.8252020000095" />
                <PNT A="2" C="41.849815000695" D="-93.8252820000095" />
                <PNT A="2" C="41.849965000695" D="-93.8253020000095" />
                <PNT A="2" C="41.8500650006951" D="-93.8252920000095" />
                <PNT A="2" C="41.8505550006951" D="-93.8253120000095" />
                <PNT A="2" C="41.8508850006952" D="-93.8253020000095" />
                <PNT A="2" C="41.8519950006954" D="-93.8253020000095" />
                <PNT A="2" C="41.8520850006954" D="-93.8252920000095" />
                <PNT A="2" C="41.8522050006954" D="-93.8252920000095" />
                <PNT A="2" C="41.8530750006956" D="-93.8253220000095" />
                <PNT A="2" C="41.8539450006957" D="-93.8253320000095" />
                <PNT A="2" C="41.8542650006958" D="-93.8253220000095" />
                <PNT A="2" C="41.8547050006958" D="-93.8253320000095" />
                <PNT A="2" C="41.8550050006959" D="-93.8253120000095" />
                <PNT A="2" C="41.855335000696" D="-93.8253020000095" />
                <PNT A="2" C="41.855535000696" D="-93.8253120000095" />
                <PNT A="2" C="41.8561750006961" D="-93.8253120000095" />
                <PNT A="2" C="41.8562750006961" D="-93.8252820000095" />
                <PNT A="2" C="41.8564450006962" D="-93.8252120000095" />
                <PNT A="2" C="41.8565950006962" D="-93.8252420000095" />
                <PNT A="2" C="41.8566850006962" D="-93.8251820000095" />
                <PNT A="2" C="41.8566950006962" D="-93.8250120000095" />
                <PNT A="2" C="41.8566950006962" D="-93.8248820000095" />
                <PNT A="2" C="41.8567050006962" D="-93.8247520000095" />
                <PNT A="2" C="41.8567050006962" D="-93.8245520000095" />
                <PNT A="2" C="41.8566950006962" D="-93.8242720000095" />
                <PNT A="2" C="41.8566750006962" D="-93.8241320000095" />
                <PNT A="2" C="41.8566450006962" D="-93.8240020000095" />
                <PNT A="2" C="41.8565950006962" D="-93.8238820000095" />
                <PNT A="2" C="41.8565450006962" D="-93.8237020000095" />
                <PNT A="2" C="41.8565950006962" D="-93.8235620000094" />
                <PNT A="2" C="41.8566450006962" D="-93.8234420000095" />
                <PNT A="2" C="41.8566750006962" D="-93.8233020000095" />
                <PNT A="2" C="41.8566950006962" D="-93.8230320000095" />
                <PNT A="2" C="41.8567150006962" D="-93.8224820000094" />
                <PNT A="2" C="41.8567350006962" D="-93.8222220000094" />
                <PNT A="2" C="41.8567550006962" D="-93.8212320000094" />
                <PNT A="2" C="41.8567350006962" D="-93.8211020000094" />
                <PNT A="2" C="41.8567150006962" D="-93.8209220000094" />
                <PNT A="2" C="41.8565550006962" D="-93.8208320000094" />
                <PNT A="2" C="41.856005000696" D="-93.8208520000094" />
                <PNT A="2" C="41.8558650006961" D="-93.8208520000094" />
                <PNT A="2" C="41.8550850006959" D="-93.8208420000094" />
                <PNT A="2" C="41.8549250006959" D="-93.8208320000094" />
                <PNT A="2" C="41.8542050006958" D="-93.8208320000094" />
                <PNT A="2" C="41.8537050006957" D="-93.8208220000094" />
                <PNT A="2" C="41.8535650006956" D="-93.8208320000094" />
                <PNT A="2" C="41.8534750006956" D="-93.8208220000094" />
                <PNT A="2" C="41.8517450006953" D="-93.8208020000094" />
                <PNT A="2" C="41.8513350006953" D="-93.8207920000094" />
                <PNT A="2" C="41.8511850006953" D="-93.8208120000094" />
                <PNT A="2" C="41.8508850006952" D="-93.8207920000094" />
                <PNT A="2" C="41.8504250006951" D="-93.8207720000094" />
                <PNT A="2" C="41.8502850006951" D="-93.8207820000094" />
            </LSG>
        </PLN>
    </PFD>
    <PFD A="PFD3" C="73.67 Acre Field" D="0" E="CTR2" F="FRM2" I="PFD2" />
    <TSK A="TSK1" B="Anhydrous" G="1" E="PFD3" D="FRM2" C="CTR2" H="1" I="2" J="3">
        <DLT A="DFFF" B="31" />
        <TZN A="0" B="Template">
            <PDV C="PDT5" A="0006" B="0" />
        </TZN>
        <TZN A="1" B="Default">
            <PDV C="PDT5" A="0006" B="11208" />
        </TZN>
        <TZN A="2" B="PositionLost">
            <PDV C="PDT5" A="0006" B="20175" />
        </TZN>
        <TZN A="3" B="OutOfField">
            <PDV C="PDT5" A="0006" B="15692" />
        </TZN>
        <GRD A="41.84875477" B="-93.82574393" C="0.00018014" D="0.00024093" E="24" F="48" I="2" J="0" G="GRD00001" />
    </TSK>
    <TSK A="TSK2" B="Plant with Starter" G="1" E="PFD3" D="FRM2" C="CTR2" H="1" I="2" J="3">
        <DLT A="DFFF" B="31" />
        <TZN A="0" B="Template">
            <PDV C="PDT2" A="000B" B="0" />
            <PDV C="PDT1" A="000B" B="0" />
        </TZN>
        <TZN A="1" B="Default">
            <PDV C="PDT2" A="000B" B="7907" />
            <PDV C="PDT1" A="000B" B="7907" />
            <PDV C="PDT4" A="0001" B="935408" />
        </TZN>
        <TZN A="2" B="PositionLost">
            <PDV C="PDT2" A="000B" B="8895" />
            <PDV C="PDT1" A="000B" B="8895" />
            <PDV C="PDT4" A="0001" B="935408" />
        </TZN>
        <TZN A="3" B="OutOfField">
            <PDV C="PDT2" A="000B" B="8401" />
            <PDV C="PDT1" A="000B" B="8401" />
            <PDV C="PDT4" A="0001" B="935408" />
        </TZN>
        <GRD A="41.84875477" B="-93.82574393" C="0.00018014" D="0.00024093" E="24" F="48" I="2" J="0" G="GRD00002" />
    </TSK>
    <TSK A="TSK3" B="PostSpray" G="1" E="PFD3" D="FRM2" C="CTR2" H="1" I="2" J="3">
        <DLT A="DFFF" B="31" />
        <TZN A="0" B="Template">
            <PDV C="PDT7" A="0001" B="0" />
        </TZN>
        <TZN A="1" B="Default">
            <PDV C="PDT7" A="0001" B="841867" />
        </TZN>
        <TZN A="2" B="PositionLost">
            <PDV C="PDT7" A="0001" B="1028949" />
        </TZN>
        <TZN A="3" B="OutOfField">
            <PDV C="PDT7" A="0001" B="935408" />
        </TZN>
        <GRD A="41.84875477" B="-93.82574393" C="0.00018014" D="0.00024093" E="24" F="48" I="2" J="0" G="GRD00003" />
    </TSK>
    <TSK A="TSK4" B="PostSprayMod" E="PFD2" D="FRM2" C="CTR2" G="3" H="1" I="2" J="3">
        <DLT A="DFFF" B="31" />
        <TZN A="0" B="Template">
            <PDV C="PDT7" A="0001" B="0" />
        </TZN>
        <TZN A="1" B="Default">
            <PDV A="0001" B="841867" C="PDT7" />
            <PDV A="0079" B="1000" C="PDT7" />
        </TZN>
        <TZN A="2" B="PositionLost">
            <PDV C="PDT7" A="0001" B="1028949" />
        </TZN>
        <TZN A="3" B="OutOfField">
            <PDV C="PDT7" A="0001" B="935408" />
        </TZN>
        <GRD A="41.84875477" B="-93.82574393" C="0.00018014" D="0.00024093" E="24" F="48" I="2" J="0" G="GRD00003" />
        <DLT A="DFFE" B="1" D="1000" J="61444" K="24" L="39" />
        <DLT A="DFFE" B="1" D="1000" J="65262" K="0" L="7" />
        <DLT A="DFFE" B="1" D="1000" J="65263" K="24" L="31" />
        <DLT A="DFFE" B="1" D="1000" J="65272" K="24" L="31" />
        <DLT A="DFFE" B="1" D="1000" J="65272" K="32" L="47" />
        <DLT A="DFFE" B="1" D="1000" J="65266" K="0" L="15" />
        <DLT A="DFFE" B="1" D="1000" J="65262" K="8" L="15" />
        <DLT A="DFFE" B="1" D="1000" J="65269" K="24" L="39" />
        <DLT A="DFFE" B="1" D="1000" J="65270" K="32" L="39" />
        <DLT A="DFFE" B="1" D="1000" J="65253" K="0" L="31" />
        <DLT A="DFFE" B="1" D="1000" J="65271" K="48" L="63" />
        <DLT A="DFFE" B="1" D="1000" J="65091" K="0" L="15" />
        <DLT A="DFFE" B="1" D="1000" J="65091" K="38" L="39" />
        <DLT A="DFFE" B="1" D="1000" J="65096" K="0" L="15" />
        <DLT A="DFFE" B="1" D="1000" J="65097" K="0" L="15" />
        <DLT A="DFFE" B="1" D="1000" J="65089" K="18" L="23" />
        <DLT A="DFFE" B="1" D="1000" J="65093" K="0" L="7" />
        <DLT A="DFFE" B="1" D="1000" J="65093" K="14" L="15" />
        <DLT A="DFFE" B="1" D="1000" J="65093" K="24" L="39" />
        <TIM D="4" A="2014-05-08T20:27:18" B="2014-05-08T20:27:20">
            <DLV A="0050" B="0" C="DET-1" />
            <DLV A="0074" B="0" C="DET-1" />
            <DLV A="0075" B="0" C="DET-1" />
            <DLV A="0077" B="0" C="DET-1" />
        </TIM>
        <DAN A="A00C800004200000" C="DVC-1">
            <ASP A="2014-05-08T20:27:18" D="4" B="2014-05-08T20:27:20" />
        </DAN>
        <TLG A="TLG00014" C="1" />
        <TIM D="4" A="2014-05-08T20:27:41" B="2014-05-08T20:32:50">
            <DLV A="0050" B="449" C="DET-1" />
            <DLV A="0074" B="10811" C="DET-1" />
            <DLV A="0075" B="460090" C="DET-1" />
            <DLV A="0077" B="174" C="DET-1" />
        </TIM>
        <DAN A="A00C800004200000" C="DVC-1">
            <ASP A="2014-05-08T20:27:41" D="4" B="2014-05-08T20:32:50" />
        </DAN>
        <PAN A="PDT7" E="DET-1" B="0089" D="2">
            <ASP A="2014-05-08T20:27:41" D="4" B="2014-05-08T20:32:50" />
        </PAN>
        <TLG A="TLG00015" C="1" />
        <TIM D="4" A="2014-05-08T20:33:18" B="2014-05-08T20:33:44">
            <DLV A="0050" B="449" C="DET-1" />
            <DLV A="0074" B="10811" C="DET-1" />
            <DLV A="0075" B="4600900" C="DET-1" />
            <DLV A="0077" B="174" C="DET-1" />
        </TIM>
        <DAN A="A00C800004200000" C="DVC-1">
            <ASP A="2014-05-08T20:33:18" D="4" B="2014-05-08T20:33:43" />
        </DAN>
        <PAN A="PDT7" E="DET-1" B="0089" D="2">
            <ASP A="2014-05-08T20:33:18" D="4" B="2014-05-08T20:33:43" />
        </PAN>
        <TLG A="TLG00016" C="1" />
    </TSK>
    <DVC A="DVC-1" B="JD_ISOBUS_SPRAYER" C="04.07" D="A00C800004200000" E="00000000000000000" F="4E457830393231" G="FF000000404E45">
        <DET A="DET-1" B="7" C="1" E="0" F="0">
            <DOR A="13" />
            <DOR A="14" />
            <DOR A="80" />
            <DOR A="19" />
            <DOR A="59999" />
            <DOR A="102" />
            <DOR A="103" />
            <DOR A="104" />
            <DOR A="105" />
            <DOR A="106" />
            <DOR A="16" />
            <DOR A="15" />
            <DOR A="17" />
            <DOR A="18" />
            <DOR A="90" />
            <DOR A="91" />
            <DOR A="95" />
        </DET>
        <DET A="DET-2" B="29" C="4" D="SECTION_R4" E="15" F="7">
            <DOR A="44" />
            <DOR A="45" />
            <DOR A="46" />
        </DET>
        <DET A="DET-3" B="30" C="4" D="SECTION_R3" E="16" F="7">
            <DOR A="47" />
            <DOR A="48" />
            <DOR A="49" />
        </DET>
        <DET A="DET-4" B="31" C="4" D="SECTION_R2" E="17" F="7">
            <DOR A="50" />
            <DOR A="51" />
            <DOR A="52" />
        </DET>
        <DET A="DET-5" B="32" C="4" D="SECTION_R1" E="18" F="7">
            <DOR A="53" />
            <DOR A="54" />
            <DOR A="55" />
        </DET>
        <DET A="DET-6" B="33" C="4" D="SECTION_C" E="19" F="7">
            <DOR A="56" />
            <DOR A="57" />
            <DOR A="58" />
        </DET>
        <DET A="DET-7" B="34" C="4" D="SECTION_L1" E="20" F="7">
            <DOR A="59" />
            <DOR A="60" />
            <DOR A="61" />
        </DET>
        <DET A="DET-8" B="35" C="4" D="SECTION_L2" E="21" F="7">
            <DOR A="62" />
            <DOR A="63" />
            <DOR A="64" />
        </DET>
        <DET A="DET-9" B="36" C="4" D="SECTION_L3" E="22" F="7">
            <DOR A="65" />
            <DOR A="66" />
            <DOR A="67" />
        </DET>
        <DET A="DET-10" B="37" C="4" D="SECTION_L4" E="23" F="7">
            <DOR A="68" />
            <DOR A="69" />
            <DOR A="70" />
        </DET>
        <DET A="DET-11" B="93" C="6" D="Connection Type" E="27" F="7">
            <DOR A="94" />
            <DOR A="96" />
            <DOR A="97" />
        </DET>
        <DPD A="13" B="0001" C="3" D="9" E="TARGET_RATE" F="81" />
        <DPD A="14" B="0002" C="1" D="9" E="APPLIED_RATE" F="81" />
        <DPD A="15" B="0050" C="3" D="25" E="TOTAL_APPLIED_VOLUME" F="82" />
        <DPD A="16" B="0074" C="3" D="25" E="TOTAL_SPRAYED_AREA" F="83" />
        <DPD A="17" B="0075" C="3" D="25" E="TOTAL_SPRAYED_DISTANCE" F="84" />
        <DPD A="18" B="0077" C="3" D="25" E="TOTAL_SPRAYED_TIME" F="85" />
        <DPD A="44" B="008D" C="3" D="9" E="STATUS_R4" F="86" />
        <DPD A="45" B="0043" C="1" D="8" E="WIDTH_R4" F="87" />
        <DPD A="46" B="0087" C="1" D="8" E="Y_OFFSET_R4" F="89" />
        <DPD A="47" B="008D" C="3" D="9" E="STATUS_R3" F="86" />
        <DPD A="48" B="0043" C="1" D="8" E="WIDTH_R3" F="87" />
        <DPD A="49" B="0087" C="1" D="8" E="Y_OFFSET_R3" F="89" />
        <DPD A="50" B="008D" C="3" D="9" E="STATUS_R2" F="86" />
        <DPD A="51" B="0043" C="1" D="8" E="WIDTH_R2" F="87" />
        <DPD A="52" B="0087" C="1" D="8" E="Y_OFFSET_R2" F="89" />
        <DPD A="53" B="008D" C="3" D="9" E="STATUS_R1" F="86" />
        <DPD A="54" B="0043" C="1" D="8" E="WIDTH_R1" F="87" />
        <DPD A="55" B="0087" C="1" D="8" E="Y_OFFSET_R1" F="89" />
        <DPD A="56" B="008D" C="3" D="9" E="STATUS_C" F="86" />
        <DPD A="57" B="0043" C="1" D="8" E="WIDTH_C" F="87" />
        <DPD A="58" B="0087" C="1" D="8" E="Y_OFFSET_C" F="89" />
        <DPD A="59" B="008D" C="3" D="9" E="STATUS_L1" F="86" />
        <DPD A="60" B="0043" C="1" D="8" E="WIDTH_L1" F="87" />
        <DPD A="61" B="0087" C="1" D="8" E="Y_OFFSET_L1" F="89" />
        <DPD A="62" B="008D" C="3" D="9" E="STATUS_L2" F="86" />
        <DPD A="63" B="0043" C="1" D="8" E="WIDTH_L2" F="87" />
        <DPD A="64" B="0087" C="1" D="8" E="Y_OFFSET_L2" F="89" />
        <DPD A="65" B="008D" C="3" D="9" E="STATUS_L3" F="86" />
        <DPD A="66" B="0043" C="1" D="8" E="WIDTH_L3" F="87" />
        <DPD A="67" B="0087" C="1" D="8" E="Y_OFFSET_L3" F="89" />
        <DPD A="68" B="008D" C="3" D="9" E="STATUS_L4" F="86" />
        <DPD A="69" B="0043" C="1" D="8" E="WIDTH_L4" F="87" />
        <DPD A="70" B="0087" C="1" D="8" E="Y_OFFSET_L4" F="89" />
        <DPD A="80" B="008D" C="0" D="8" E="STATUS_MASTER" F="86" />
        <DPD A="90" B="00A1" C="2" D="9" E="Condensed Work State" F="86" />
        <DPD A="91" B="00A0" C="2" D="9" E="Section Control State" F="92" />
        <DPD A="102" B="0049" C="2" D="9" E="Max tank content" F="82" />
        <DPD A="103" B="0048" C="2" D="9" E="Acutal Tank Content" F="82" />
        <DPD A="104" B="0079" C="2" D="9" E="Desnity" F="107" />
        <DPD A="105" B="E00B" C="2" D="9" E="Target Rate Tankfillcalculator" F="82" />
        <DPD A="106" B="0047" C="2" D="9" E="Desired Tank Content" F="82" />
        <DPD A="59999" B="DFFF" C="0" D="31" E="Default DDI Object" />
        <DPT A="19" B="0086" C="-1850" D="X_OFFSET_SPRAYBOOM" E="88" />
        <DPT A="94" B="009D" C="1" D="Connector Type" />
        <DPT A="95" B="0087" C="0" D="Y_OFFSET_SPRAYBOOM" E="88" />
        <DPT A="96" B="0086" C="5000" D="X_OFFSET_CONNECTION" E="88" />
        <DPT A="97" B="0087" C="0" D="Y_OFFSET_CONNECTION" E="88" />
        <DVP A="81" B="0" C="0.00010000000" D="0" E="L/HA" />
        <DVP A="82" B="0" C="1.00000000000" D="0" E="L" />
        <DVP A="83" B="0" C="0.00010000000" D="1" E="HA" />
        <DVP A="84" B="0" C="0.00000100000" D="1" E="KM" />
        <DVP A="85" B="0" C="0.00027700001" D="2" E="H" />
        <DVP A="86" B="0" C="1.00000000000" D="0" E="ON/OFF" />
        <DVP A="87" B="0" C="0.00100000005" D="1" E="M" />
        <DVP A="88" B="0" C="0.00100000005" D="1" E="M" />
        <DVP A="89" B="0" C="0.00100000005" D="1" E="M" />
        <DVP A="92" B="0" C="1.00000000000" D="0" E="MAN/AUTO" />
        <DVP A="107" B="0" C="0.00100000005" D="0" E="dm3/l" />
    </DVC>
</ISO11783_TaskData>
