<TIM A="" D="4">
    <PTN A="" B="" C="" D="" E="" F="" G="" H="" I="" />
    <DLV A="0001" B="" C="DET-1" />
    <DLV A="0043" B="" C="DET-10" />
    <DLV A="0043" B="" C="DET-9" />
    <DLV A="0043" B="" C="DET-8" />
    <DLV A="0043" B="" C="DET-7" />
    <DLV A="0043" B="" C="DET-6" />
    <DLV A="0043" B="" C="DET-5" />
    <DLV A="0043" B="" C="DET-4" />
    <DLV A="0043" B="" C="DET-3" />
    <DLV A="0043" B="" C="DET-2" />
    <DLV A="0050" B="" C="DET-1" />
    <DLV A="0074" B="" C="DET-1" />
    <DLV A="0075" B="" C="DET-1" />
    <DLV A="0077" B="" C="DET-1" />
    <DLV A="0087" B="" C="DET-10" />
    <DLV A="0087" B="" C="DET-2" />
    <DLV A="0087" B="" C="DET-3" />
    <DLV A="0087" B="" C="DET-4" />
    <DLV A="0087" B="" C="DET-5" />
    <DLV A="0087" B="" C="DET-6" />
    <DLV A="0087" B="" C="DET-7" />
    <DLV A="0087" B="" C="DET-8" />
    <DLV A="0087" B="" C="DET-9" />
    <DLV A="008D" B="" C="DET-2" />
    <DLV A="008D" B="" C="DET-3" />
    <DLV A="008D" B="" C="DET-4" />
    <DLV A="008D" B="" C="DET-5" />
    <DLV A="008D" B="" C="DET-6" />
    <DLV A="008D" B="" C="DET-7" />
    <DLV A="008D" B="" C="DET-8" />
    <DLV A="0002" B="" C="DET-1" />
    <DLV A="008D" B="" C="DET-9" />
    <DLV A="008D" B="" C="DET-10" />
</TIM>
