<?xml version="1.0" encoding="UTF-8"?>
<ISO11783_TaskData VersionMajor="3" VersionMinor="0" ManagementSoftwareManufacturer="AEF104_20150612_123745" ManagementSoftwareVersion="1.0" TaskControllerManufacturer="Kverneland Group Mechatronics" TaskControllerVersion="0.9.67" DataTransferOrigin="2">
	<DVC A="DVC-1" B="Tractor ECU" C="IMTellus TECU,1.9,2013-11-01" D="A00086000B2BBC1C" F="63393238303331" G="FF555500006E65">
		<DET A="DET-1" B="1" C="1" E="0" F="0">
			<DOR A="3"/>
			<DOR A="4"/>
			<DOR A="6"/>
			<DOR A="7"/>
			<DOR A="8"/>
			<DOR A="9"/>
			<DOR A="10"/>
			<DOR A="5"/>
			<DOR A="11"/>
			<DOR A="12"/>
			<DOR A="13"/>
			<DOR A="15"/>
			<DOR A="16"/>
			<DOR A="18"/>
			<DOR A="19"/>
			<DOR A="14"/>
		</DET>
		<DET A="DET-2" B="2" C="6" E="1" F="1">
			<DOR A="15"/>
			<DOR A="17"/>
			<DOR A="20"/>
		</DET>
		<DPD A="3" B="0043" C="1" D="9" E="Width" F="22"/>
		<DPD A="4" B="0046" C="0" D="0" E="Maximum Width" F="22"/>
		<DPD A="5" B="0052" C="2" D="16" E="Count"/>
		<DPD A="6" B="0074" C="2" D="16" E="Area" F="23"/>
		<DPD A="7" B="0075" C="2" D="16" E="Distance ON" F="24"/>
		<DPD A="8" B="0076" C="2" D="16" E="Distance OFF" F="24"/>
		<DPD A="9" B="0077" C="2" D="16" E="Time ON" F="25"/>
		<DPD A="10" B="0078" C="2" D="16" E="Time OFF" F="25"/>
		<DPD A="11" B="0094" C="2" D="16" E="Fuel" F="27"/>
		<DPD A="13" B="0095" C="1" D="1" E="FuelRate" F="26"/>
		<DPD A="15" B="0086" C="2" D="0" E="GPS Offset X" F="22"/>
		<DPD A="16" B="0087" C="2" D="0" E="GPS Offset Y" F="22"/>
		<DPD A="17" B="0087" C="0" D="0" F="22"/>
		<DPD A="12" B="008D" C="1" D="9" E="Work ON/OFF"/>
		<DPD A="20" B="009D" C="2" D="0" E="Connector Type"/>
		<DPD A="18" B="00CD" C="2" D="0" E="SC Turn On Time" F="21"/>
		<DPD A="19" B="00CE" C="2" D="0" E="SC Turn Off Time" F="21"/>
		<DPD A="14" B="DFFF" C="0" D="31"/>
		<DVP A="21" B="0" C="0.001000" D="1" E="s"/>
		<DVP A="25" B="0" C="0.000278" D="2" E="hr"/>
		<DVP A="22" B="0" C="0.003281" D="1" E="ft"/>
		<DVP A="23" B="0" C="0.000247" D="2" E="acre"/>
		<DVP A="24" B="0" C="0.000001" D="2" E="mile"/>
		<DVP A="26" B="0" C="0.000792" D="1" E="gl/hr"/>
		<DVP A="27" B="0" C="0.000220" D="0" E="gal"/>
	</DVC>
	<DVC A="DVC-102" B="AEF_SPRAYER(BAS1)" C="1.01" D="A00C84000ADFFFCC" E="Sprayer" F="F9FAFBFCFDFE35" G="FF000000006E65">
		<DET A="DET-603" B="5001" C="1" D="DEVICE" E="0" F="0">
			<DOR A="1"/>
			<DOR A="500"/>
		</DET>
		<DPD A="1" B="0077" C="3" D="25" E="TOTAL_EFFECTIVE_TIME" F="1005"/>
		<DPD A="500" B="DFFF" C="0" D="31" E="DEFAULT_OBJECT_DDE"/>
		<DVP A="1005" B="0" C="0.000277" D="2" E="H"/>
		<DVP A="9999" B="0" C="1.000000" D="0" E="AEF"/>
	</DVC>
	<DVC A="DVC-103" B="AEF_SPRAYER(TOTAL-1)" C="1.01" D="A00C8400065FFFCE" E="SPRAYER" F="F9FAFBFCFDFE32" G="FF000000006E65">
		<DET A="DET-604" B="5001" C="1" D="DEVICE" E="0" F="0">
			<DOR A="1"/>
			<DOR A="2"/>
			<DOR A="30"/>
			<DOR A="3"/>
		</DET>
		<DET A="DET-605" B="5002" C="6" D="CONNECTOR" E="60" F="5001">
			<DOR A="60"/>
			<DOR A="61"/>
			<DOR A="62"/>
		</DET>
		<DPD A="1" B="008D" C="0" D="9" E="STATUS_MASTER" F="1000"/>
		<DPD A="2" B="0002" C="1" D="9" E="ACTUAL_VOLUME_RATE" F="1001"/>
		<DPD A="21" B="0050" C="3" D="25" E="TOTAL_APP_VOLUME" F="1002"/>
		<DPD A="30" B="0077" C="3" D="25" E="TOTAL_EFFECTIVE_TIME" F="1005"/>
		<DPT A="60" B="009D" C="1" D="CONNECTOR_TYPE"/>
		<DPT A="61" B="0086" C="4000" D="X_OFFSET_CONNECTION"/>
		<DPT A="62" B="0087" C="0" D="Y_OFFSET_CONNECTION"/>
		<DPT A="3" B="0043" C="6000" D="ACTUAL_WIDTH"/>
		<DVP A="1000" B="0" C="1.000000" D="0" E="ON/OFF"/>
		<DVP A="1001" B="0" C="0.000100" D="0" E="L/HA"/>
		<DVP A="1002" B="0" C="1.000000" D="0" E="L"/>
		<DVP A="1003" B="0" C="0.000100" D="1" E="HA"/>
		<DVP A="1004" B="0" C="0.000001" D="1" E="KM"/>
		<DVP A="1005" B="0" C="0.000277" D="2" E="H"/>
		<DVP A="1006" B="0" C="1.000000" D="0" E="MAN/AUTO"/>
		<DVP A="1007" B="0" C="1.000000" D="0" E="KG"/>
		<DVP A="1008" B="0" C="1.000000" D="0" E="COUNT"/>
		<DVP A="1009" B="0" C="0.001000" D="0" E="L"/>
		<DVP A="9999" B="0" C="1.000000" D="0" E="Pqt2"/>
	</DVC>
	<DVC A="DVC-104" B="AEF_SPRAYER(TOTAL-12)" C="1.01" D="A00C8400067FFFCD" E="SPRAYER" F="F9FAFBFCFDFE33" G="FF000000006E65">
		<DET A="DET-606" B="5001" C="1" D="DEVICE" E="0" F="0">
			<DOR A="1"/>
			<DOR A="2"/>
			<DOR A="30"/>
			<DOR A="31"/>
			<DOR A="32"/>
			<DOR A="33"/>
			<DOR A="34"/>
			<DOR A="35"/>
			<DOR A="36"/>
			<DOR A="37"/>
			<DOR A="38"/>
			<DOR A="39"/>
			<DOR A="40"/>
			<DOR A="41"/>
			<DOR A="3"/>
		</DET>
		<DET A="DET-607" B="5002" C="6" D="CONNECTOR" E="60" F="5001">
			<DOR A="60"/>
			<DOR A="61"/>
			<DOR A="62"/>
		</DET>
		<DPD A="1" B="008D" C="0" D="9" E="STATUS_MASTER" F="1000"/>
		<DPD A="2" B="0002" C="1" D="9" E="ACTUAL_VOLUME_RATE" F="1001"/>
		<DPD A="21" B="0050" C="3" D="25" E="TOTAL_APP_VOLUME" F="1002"/>
		<DPD A="30" B="0050" C="3" D="16" E="80:Total Product Applied"/>
		<DPD A="31" B="0051" C="3" D="16" E="81:TOTAL_APP_MASS"/>
		<DPD A="32" B="0052" C="3" D="16" E="82:TOTAL_APP_COUNT"/>
		<DPD A="33" B="0059" C="3" D="16" E="89:TOTAL_YIELD_VOLUME"/>
		<DPD A="34" B="005A" C="3" D="16" E="90:TOTAL_YIELD_MASS"/>
		<DPD A="35" B="005B" C="3" D="16" E="91:TOTAL_YIELD_COUNT"/>
		<DPD A="36" B="0074" C="3" D="16" E="116:Total Area Accum"/>
		<DPD A="37" B="0075" C="3" D="16" E="117:TOTAL_EFFECTIVE_DISTANCE"/>
		<DPD A="38" B="0076" C="3" D="16" E="118:TOTAL_INEFFECTIVE_DISTANCE"/>
		<DPD A="39" B="0077" C="3" D="16" E="119:TOTAL_EFFECTIVE_TIME"/>
		<DPD A="40" B="0078" C="3" D="16" E="120:TOTAL_INEFFECTIVE_TIME"/>
		<DPD A="41" B="0094" C="3" D="16" E="148:TOTAL_FUEL_CONSUMPTION"/>
		<DPT A="60" B="009D" C="1" D="CONNECTOR_TYPE"/>
		<DPT A="61" B="0086" C="4000" D="X_OFFSET_CONNECTION"/>
		<DPT A="62" B="0087" C="0" D="Y_OFFSET_CONNECTION"/>
		<DPT A="3" B="0043" C="6000" D="ACTUAL_WIDTH"/>
		<DVP A="1000" B="0" C="1.000000" D="0" E="ON/OFF"/>
		<DVP A="1001" B="0" C="0.000100" D="0" E="L/HA"/>
		<DVP A="1002" B="0" C="1.000000" D="0" E="L"/>
		<DVP A="1003" B="0" C="0.000100" D="1" E="HA"/>
		<DVP A="1004" B="0" C="0.000001" D="1" E="KM"/>
		<DVP A="1005" B="0" C="0.000277" D="2" E="H"/>
		<DVP A="1006" B="0" C="1.000000" D="0" E="MAN/AUTO"/>
		<DVP A="1007" B="0" C="1.000000" D="0" E="KG"/>
		<DVP A="1008" B="0" C="1.000000" D="0" E="COUNT"/>
		<DVP A="1009" B="0" C="0.001000" D="0" E="L"/>
		<DVP A="9999" B="0" C="1.000000" D="0" E="PwaM"/>
	</DVC>
	<DVC A="DVC-105" B="AEF106_1B_TILLAGE" C="1.01" D="A00484000680006A" E="TILLAGE" F="F9FAFBFCFDFE35" G="FF050500006E65">
		<DET A="DET-608" B="5001" C="1" D="DEVICE" E="0" F="0">
			<DOR A="1"/>
			<DOR A="27"/>
			<DOR A="28"/>
			<DOR A="30"/>
			<DOR A="500"/>
			<DOR A="3"/>
		</DET>
		<DET A="DET-609" B="5002" C="6" D="CONNECTOR" E="60" F="5001">
			<DOR A="60"/>
			<DOR A="61"/>
			<DOR A="62"/>
		</DET>
		<DPD A="1" B="008D" C="0" D="9" E="STATUS_MASTER" F="1000"/>
		<DPD A="500" B="DFFF" C="0" D="31" E="DEFAULT_OBJECT_DDE"/>
		<DPD A="27" B="0074" C="3" D="25" E="TOTAL_AREA" F="1003"/>
		<DPD A="28" B="0075" C="3" D="25" E="TOTAL_EFFECTIVE_DISTANCE" F="1004"/>
		<DPD A="30" B="0077" C="3" D="25" E="TOTAL_EFFECTIVE_TIME" F="1005"/>
		<DPT A="60" B="009D" C="1" D="CONNECTOR_TYPE"/>
		<DPT A="61" B="0086" C="4000" D="X_OFFSET_CONNECTION"/>
		<DPT A="62" B="0087" C="0" D="Y_OFFSET_CONNECTION"/>
		<DPT A="3" B="0043" C="6000" D="ACTUAL_WIDTH"/>
		<DVP A="1000" B="0" C="1.000000" D="0" E="ON/OFF"/>
		<DVP A="1001" B="0" C="0.004047" D="0" E="kg/acre"/>
		<DVP A="1002" B="0" C="0.001000" D="0" E="ton"/>
		<DVP A="1003" B="0" C="0.000247" D="1" E="Acres"/>
		<DVP A="1004" B="0" C="0.000001" D="1" E="Mile"/>
		<DVP A="1005" B="0" C="0.000277" D="2" E="H"/>
		<DVP A="1006" B="0" C="1.000000" D="0" E="MAN/AUTO"/>
		<DVP A="1007" B="0" C="1.000000" D="0" E="KG"/>
		<DVP A="1008" B="0" C="1.000000" D="0" E="COUNT"/>
		<DVP A="1009" B="0" C="0.001000" D="0" E="L"/>
		<DVP A="9999" B="0" C="1.000000" D="0" E="Pqt2"/>
	</DVC>
	<DVC A="DVC-106" B="AEF106_Bodenbearbeitung" C="1.01" D="A004840000000106" E="TILLAGE" F="F9FAFBFCFDFE37" G="FF000000006E65">
		<DET A="DET-610" B="5001" C="1" D="Gerät" E="0" F="0">
			<DOR A="1"/>
			<DOR A="27"/>
			<DOR A="28"/>
			<DOR A="30"/>
			<DOR A="500"/>
			<DOR A="3"/>
		</DET>
		<DET A="DET-611" B="5002" C="6" D="CONNECTOR" E="60" F="5001">
			<DOR A="60"/>
			<DOR A="61"/>
			<DOR A="62"/>
		</DET>
		<DPD A="1" B="008D" C="0" D="9" E="STATUS_MASTER" F="1000"/>
		<DPD A="500" B="DFFF" C="0" D="31" E="DEFAULT_OBJECT_DDE"/>
		<DPD A="27" B="0074" C="3" D="25" E="Insgesamt_Bereich" F="1003"/>
		<DPD A="28" B="0075" C="3" D="25" E="TOTAL_EFFECTIVE_DISTANCE" F="1004"/>
		<DPD A="30" B="0077" C="3" D="25" E="TOTAL_EFFECTIVE_TIME" F="1005"/>
		<DPT A="60" B="009D" C="1" D="Anschluss_Typus"/>
		<DPT A="61" B="0086" C="4000" D="X_OFFSET_CONNECTION"/>
		<DPT A="62" B="0087" C="0" D="Y_OFFSET_CONNECTION"/>
		<DPT A="3" B="0043" C="6000" D="ACTUAL_WIDTH"/>
		<DVP A="1000" B="0" C="1.000000" D="0" E="ON/OFF"/>
		<DVP A="1001" B="0" C="0.000100" D="0" E="L/HA"/>
		<DVP A="1002" B="0" C="1.000000" D="0" E="L"/>
		<DVP A="1003" B="0" C="0.000100" D="1" E="HA"/>
		<DVP A="1004" B="0" C="0.000001" D="1" E="KM"/>
		<DVP A="1005" B="0" C="0.000277" D="2" E="H"/>
		<DVP A="1006" B="0" C="1.000000" D="0" E="Handbuch/automatische"/>
		<DVP A="1007" B="0" C="1.000000" D="0" E="KG"/>
		<DVP A="1008" B="0" C="1.000000" D="0" E="COUNT"/>
		<DVP A="1009" B="0" C="0.001000" D="0" E="L"/>
		<DVP A="9999" B="0" C="1.000000" D="0" E="PwaM"/>
	</DVC>
	<DVC A="DVC-107" B="AEF107A_TILLAGE" C="1.01" D="A004840000000107" E="TILLAGE" F="11111111111111" G="FF000000006E65">
		<DET A="DET-612" B="5001" C="1" D="DEVICE" E="0" F="0">
			<DOR A="1"/>
			<DOR A="27"/>
			<DOR A="28"/>
			<DOR A="30"/>
			<DOR A="500"/>
			<DOR A="3"/>
		</DET>
		<DET A="DET-613" B="5002" C="6" D="CONNECTOR" E="60" F="5001">
			<DOR A="60"/>
			<DOR A="61"/>
			<DOR A="62"/>
		</DET>
		<DPD A="1" B="008D" C="0" D="9" E="STATUS_MASTER" F="1000"/>
		<DPD A="500" B="DFFF" C="0" D="31" E="DEFAULT_OBJECT_DDE"/>
		<DPD A="27" B="0074" C="3" D="25" E="TOTAL_AREA" F="1003"/>
		<DPD A="28" B="0075" C="3" D="25" E="TOTAL_EFFECTIVE_DISTANCE" F="1004"/>
		<DPD A="30" B="0077" C="3" D="25" E="TOTAL_EFFECTIVE_TIME" F="1005"/>
		<DPT A="60" B="009D" C="1" D="CONNECTOR_TYPE"/>
		<DPT A="61" B="0086" C="4000" D="X_OFFSET_CONNECTION"/>
		<DPT A="62" B="0087" C="0" D="Y_OFFSET_CONNECTION"/>
		<DPT A="3" B="0043" C="6000" D="ACTUAL_WIDTH"/>
		<DVP A="1000" B="0" C="1.000000" D="0" E="ON/OFF"/>
		<DVP A="1001" B="0" C="0.000100" D="0" E="L/HA"/>
		<DVP A="1002" B="0" C="1.000000" D="0" E="L"/>
		<DVP A="1003" B="0" C="0.000100" D="1" E="HA"/>
		<DVP A="1004" B="0" C="0.000001" D="1" E="KM"/>
		<DVP A="1005" B="0" C="0.000277" D="2" E="H"/>
		<DVP A="1006" B="0" C="1.000000" D="0" E="MAN/AUTO"/>
		<DVP A="1007" B="0" C="1.000000" D="0" E="KG"/>
		<DVP A="1008" B="0" C="1.000000" D="0" E="COUNT"/>
		<DVP A="1009" B="0" C="0.001000" D="0" E="L"/>
		<DVP A="9999" B="0" C="1.000000" D="0" E="bHCP"/>
	</DVC>
	<DVC A="DVC-108" B="AEF107B_TILLAGE" C="1.01" D="A004840000000107" E="TILLAGE" F="22222222222222" G="FF000000006E65">
		<DET A="DET-614" B="5001" C="1" D="DEVICE" E="0" F="0">
			<DOR A="1"/>
			<DOR A="27"/>
			<DOR A="28"/>
			<DOR A="30"/>
			<DOR A="500"/>
			<DOR A="3"/>
		</DET>
		<DET A="DET-615" B="5002" C="6" D="CONNECTOR" E="60" F="5001">
			<DOR A="60"/>
			<DOR A="61"/>
			<DOR A="62"/>
		</DET>
		<DPD A="1" B="008D" C="0" D="9" E="STATUS_MASTER" F="1000"/>
		<DPD A="500" B="DFFF" C="0" D="31" E="DEFAULT_OBJECT_DDE"/>
		<DPD A="27" B="0074" C="3" D="25" E="TOTAL_AREA" F="1003"/>
		<DPD A="28" B="0075" C="3" D="25" E="TOTAL_EFFECTIVE_DISTANCE" F="1004"/>
		<DPD A="30" B="0077" C="3" D="25" E="TOTAL_EFFECTIVE_TIME" F="1005"/>
		<DPT A="60" B="009D" C="1" D="CONNECTOR_TYPE"/>
		<DPT A="61" B="0086" C="4000" D="X_OFFSET_CONNECTION"/>
		<DPT A="62" B="0087" C="0" D="Y_OFFSET_CONNECTION"/>
		<DPT A="3" B="0043" C="6000" D="ACTUAL_WIDTH"/>
		<DVP A="1000" B="0" C="1.000000" D="0" E="ON/OFF"/>
		<DVP A="1001" B="0" C="0.000100" D="0" E="L/HA"/>
		<DVP A="1002" B="0" C="1.000000" D="0" E="L"/>
		<DVP A="1003" B="0" C="0.000100" D="1" E="HA"/>
		<DVP A="1004" B="0" C="0.000001" D="1" E="KM"/>
		<DVP A="1005" B="0" C="0.000277" D="2" E="H"/>
		<DVP A="1006" B="0" C="1.000000" D="0" E="MAN/AUTO"/>
		<DVP A="1007" B="0" C="1.000000" D="0" E="KG"/>
		<DVP A="1008" B="0" C="1.000000" D="0" E="COUNT"/>
		<DVP A="1009" B="0" C="0.001000" D="0" E="L"/>
		<DVP A="9999" B="0" C="1.000000" D="0" E="PwaM"/>
	</DVC>
	<DVC A="DVC-109" B="AEF108_TILLAGE" C="1.01" D="A00C840007BFF108" E="TILLAGE" F="18080808C90108" G="FF000000006E65">
		<DET A="DET-616" B="5001" C="1" D="DEVICE" E="0" F="0">
			<DOR A="1"/>
			<DOR A="27"/>
			<DOR A="28"/>
			<DOR A="30"/>
			<DOR A="500"/>
			<DOR A="3"/>
		</DET>
		<DET A="DET-617" B="5002" C="6" D="CONNECTOR" E="60" F="5001">
			<DOR A="60"/>
			<DOR A="61"/>
			<DOR A="62"/>
		</DET>
		<DPD A="1" B="008D" C="0" D="9" E="STATUS_MASTER" F="1000"/>
		<DPD A="500" B="DFFF" C="0" D="31" E="DEFAULT_OBJECT_DDE"/>
		<DPD A="27" B="0074" C="3" D="25" E="TOTAL_AREA" F="1003"/>
		<DPD A="28" B="0075" C="3" D="25" E="TOTAL_EFFECTIVE_DISTANCE" F="1004"/>
		<DPD A="30" B="0077" C="3" D="25" E="TOTAL_EFFECTIVE_TIME" F="1005"/>
		<DPT A="60" B="009D" C="1" D="CONNECTOR_TYPE"/>
		<DPT A="61" B="0086" C="4000" D="X_OFFSET_CONNECTION"/>
		<DPT A="62" B="0087" C="0" D="Y_OFFSET_CONNECTION"/>
		<DPT A="3" B="0043" C="6000" D="ACTUAL_WIDTH"/>
		<DVP A="1000" B="0" C="1.000000" D="0" E="ON/OFF"/>
		<DVP A="1001" B="0" C="0.000100" D="0" E="L/HA"/>
		<DVP A="1002" B="0" C="1.000000" D="0" E="L"/>
		<DVP A="1003" B="0" C="0.000100" D="1" E="HA"/>
		<DVP A="1004" B="0" C="0.000001" D="1" E="KM"/>
		<DVP A="1005" B="0" C="0.000277" D="2" E="H"/>
		<DVP A="1006" B="0" C="1.000000" D="0" E="MAN/AUTO"/>
		<DVP A="1007" B="0" C="1.000000" D="0" E="KG"/>
		<DVP A="1008" B="0" C="1.000000" D="0" E="COUNT"/>
		<DVP A="1009" B="0" C="0.001000" D="0" E="L"/>
		<DVP A="9999" B="0" C="1.000000" D="0" E="T7Ov"/>
	</DVC>
	<DVC A="DVC-110" B="AEF109_TILLAGE" C="1.01" D="A00C840007BFF109" E="TILLAGE" F="18080808C90109" G="FF000000006E65">
		<DET A="DET-618" B="5001" C="1" D="DEVICE" E="0" F="0">
			<DOR A="1"/>
			<DOR A="27"/>
			<DOR A="28"/>
			<DOR A="30"/>
			<DOR A="500"/>
			<DOR A="3"/>
		</DET>
		<DET A="DET-619" B="5002" C="6" D="CONNECTOR" E="60" F="5001">
			<DOR A="60"/>
			<DOR A="61"/>
			<DOR A="62"/>
		</DET>
		<DPD A="1" B="008D" C="0" D="9" E="STATUS_MASTER" F="1000"/>
		<DPD A="500" B="DFFF" C="0" D="31" E="DEFAULT_OBJECT_DDE"/>
		<DPD A="27" B="0074" C="3" D="25" E="TOTAL_AREA" F="1003"/>
		<DPD A="28" B="0075" C="3" D="25" E="TOTAL_EFFECTIVE_DISTANCE" F="1004"/>
		<DPD A="30" B="0077" C="3" D="25" E="TOTAL_EFFECTIVE_TIME" F="1005"/>
		<DPT A="60" B="009D" C="1" D="CONNECTOR_TYPE"/>
		<DPT A="61" B="0086" C="4000" D="X_OFFSET_CONNECTION"/>
		<DPT A="62" B="0087" C="0" D="Y_OFFSET_CONNECTION"/>
		<DPT A="3" B="0043" C="6000" D="ACTUAL_WIDTH"/>
		<DVP A="1000" B="0" C="1.000000" D="0" E="ON/OFF"/>
		<DVP A="1001" B="0" C="0.000100" D="0" E="L/HA"/>
		<DVP A="1002" B="0" C="1.000000" D="0" E="L"/>
		<DVP A="1003" B="0" C="0.000100" D="1" E="HA"/>
		<DVP A="1004" B="0" C="0.000001" D="1" E="KM"/>
		<DVP A="1005" B="0" C="0.000277" D="2" E="H"/>
		<DVP A="1006" B="0" C="1.000000" D="0" E="MAN/AUTO"/>
		<DVP A="1007" B="0" C="1.000000" D="0" E="KG"/>
		<DVP A="1008" B="0" C="1.000000" D="0" E="COUNT"/>
		<DVP A="1009" B="0" C="0.001000" D="0" E="L"/>
		<DVP A="9999" B="0" C="1.000000" D="0" E="Pqt2"/>
	</DVC>
	<DVC A="DVC-111" B="AEF110_TILLAGE" C="1.01" D="A00C840007BFF110" E="TILLAGE" F="18080808C9110A" G="FF000000006E65">
		<DET A="DET-620" B="5001" C="1" D="DEVICE" E="0" F="0">
			<DOR A="1"/>
			<DOR A="27"/>
			<DOR A="28"/>
			<DOR A="30"/>
			<DOR A="500"/>
			<DOR A="3"/>
		</DET>
		<DET A="DET-621" B="5002" C="6" D="CONNECTOR" E="60" F="5001">
			<DOR A="60"/>
			<DOR A="61"/>
			<DOR A="62"/>
		</DET>
		<DPD A="1" B="008D" C="0" D="9" E="STATUS_MASTER" F="1000"/>
		<DPD A="500" B="DFFF" C="0" D="31" E="DEFAULT_OBJECT_DDE"/>
		<DPD A="27" B="0074" C="3" D="25" E="TOTAL_AREA" F="1003"/>
		<DPD A="28" B="0075" C="3" D="25" E="TOTAL_EFFECTIVE_DISTANCE" F="1004"/>
		<DPD A="30" B="0077" C="3" D="25" E="TOTAL_EFFECTIVE_TIME" F="1005"/>
		<DPT A="60" B="009D" C="1" D="CONNECTOR_TYPE"/>
		<DPT A="61" B="0086" C="4000" D="X_OFFSET_CONNECTION"/>
		<DPT A="62" B="0087" C="0" D="Y_OFFSET_CONNECTION"/>
		<DPT A="3" B="0043" C="6000" D="ACTUAL_WIDTH"/>
		<DVP A="1000" B="0" C="1.000000" D="0" E="ON/OFF"/>
		<DVP A="1001" B="0" C="0.000100" D="0" E="L/HA"/>
		<DVP A="1002" B="0" C="1.000000" D="0" E="L"/>
		<DVP A="1003" B="0" C="0.000100" D="1" E="HA"/>
		<DVP A="1004" B="0" C="0.000001" D="1" E="KM"/>
		<DVP A="1005" B="0" C="0.000277" D="2" E="H"/>
		<DVP A="1006" B="0" C="1.000000" D="0" E="MAN/AUTO"/>
		<DVP A="1007" B="0" C="1.000000" D="0" E="KG"/>
		<DVP A="1008" B="0" C="1.000000" D="0" E="COUNT"/>
		<DVP A="1009" B="0" C="0.001000" D="0" E="L"/>
		<DVP A="9999" B="0" C="1.000000" D="0" E="PwaM"/>
	</DVC>
	<TSK A="TSK1" B="a1" G="4" J="0">
		<TIM A="2015-06-12T12:43:29" B="2015-06-12T12:44:16" D="4">
			<DLV A="0077" B="470" C="DET-604"/>
		</TIM>
		<TIM A="2015-06-12T12:44:57" B="2015-06-12T12:45:59" D="4">
			<DLV A="0077" B="1090" C="DET-604"/>
		</TIM>
		<DAN A="A00C8400065FFFCE" C="DVC-103">
			<ASP A="2015-06-12T12:43:29" B="2015-06-12T12:44:16" D="4"/>
		</DAN>
		<DAN A="A00C8400065FFFCE" C="DVC-103">
			<ASP A="2015-06-12T12:44:57" B="2015-06-12T12:45:59" D="4"/>
		</DAN>
		<DLT A="DFFF" B="31"/>
		<TLG A="TLG00001" B="24" C="1"/>
		<TLG A="TLG00002" B="24" C="1"/>
	</TSK>
	<TSK A="TSK2" B="b1" G="4" J="0">
		<TIM A="2015-06-12T12:47:59" B="2015-06-12T12:55:07" D="4">
			<DLV A="0077" B="4280" C="DET-604"/>
		</TIM>
		<DAN A="A00C8400065FFFCE" C="DVC-103">
			<ASP A="2015-06-12T12:47:59" B="2015-06-12T12:55:07" D="4"/>
		</DAN>
		<DLT A="DFFF" B="31"/>
		<TLG A="TLG00003" B="24" C="1"/>
	</TSK>
	<TSK A="TSK3" B="a2" G="4" J="0">
		<TIM A="2015-06-12T12:57:22" B="2015-06-12T12:57:43" D="4">
			<DLV A="0050" B="200" C="DET-606"/>
			<DLV A="0051" B="200" C="DET-606"/>
			<DLV A="0052" B="200" C="DET-606"/>
			<DLV A="0059" B="200" C="DET-606"/>
			<DLV A="005A" B="200" C="DET-606"/>
			<DLV A="005B" B="200" C="DET-606"/>
			<DLV A="0074" B="200" C="DET-606"/>
			<DLV A="0075" B="200" C="DET-606"/>
			<DLV A="0076" B="200" C="DET-606"/>
			<DLV A="0077" B="200" C="DET-606"/>
			<DLV A="0078" B="200" C="DET-606"/>
			<DLV A="0094" B="200" C="DET-606"/>
		</TIM>
		<TIM A="2015-06-12T12:58:07" B="2015-06-12T12:58:22" D="4">
			<DLV A="0050" B="350" C="DET-606"/>
			<DLV A="0051" B="350" C="DET-606"/>
			<DLV A="0052" B="350" C="DET-606"/>
			<DLV A="0059" B="350" C="DET-606"/>
			<DLV A="005A" B="350" C="DET-606"/>
			<DLV A="005B" B="350" C="DET-606"/>
			<DLV A="0074" B="350" C="DET-606"/>
			<DLV A="0075" B="350" C="DET-606"/>
			<DLV A="0076" B="350" C="DET-606"/>
			<DLV A="0077" B="350" C="DET-606"/>
			<DLV A="0078" B="350" C="DET-606"/>
			<DLV A="0094" B="350" C="DET-606"/>
		</TIM>
		<DAN A="A00C8400067FFFCD" C="DVC-104">
			<ASP A="2015-06-12T12:57:22" B="2015-06-12T12:57:43" D="4"/>
		</DAN>
		<DAN A="A00C8400067FFFCD" C="DVC-104">
			<ASP A="2015-06-12T12:58:07" B="2015-06-12T12:58:22" D="4"/>
		</DAN>
		<DLT A="DFFF" B="31"/>
		<TLG A="TLG00004" B="24" C="1"/>
		<TLG A="TLG00005" B="24" C="1"/>
	</TSK>
	<TSK A="TSK4" B="b2" G="4" J="0">
		<TIM A="2015-06-12T12:58:50" B="2015-06-12T12:59:07" D="4">
			<DLV A="0050" B="170" C="DET-606"/>
			<DLV A="0051" B="170" C="DET-606"/>
			<DLV A="0052" B="170" C="DET-606"/>
			<DLV A="0059" B="170" C="DET-606"/>
			<DLV A="005A" B="170" C="DET-606"/>
			<DLV A="005B" B="170" C="DET-606"/>
			<DLV A="0074" B="170" C="DET-606"/>
			<DLV A="0075" B="170" C="DET-606"/>
			<DLV A="0076" B="170" C="DET-606"/>
			<DLV A="0077" B="170" C="DET-606"/>
			<DLV A="0078" B="170" C="DET-606"/>
			<DLV A="0094" B="170" C="DET-606"/>
		</TIM>
		<DAN A="A00C8400067FFFCD" C="DVC-104">
			<ASP A="2015-06-12T12:58:50" B="2015-06-12T12:59:07" D="4"/>
		</DAN>
		<DLT A="DFFF" B="31"/>
		<TLG A="TLG00006" B="24" C="1"/>
	</TSK>
</ISO11783_TaskData>
