<TIM A="" D="4">
    <PTN A="" B="" C="" D="" E="" F="" G="" H="" I="" />
    <DLV A="0077" B="" C="DET-1" />
    <DLV A="0050" B="" C="DET-1" />
    <DLV A="0002" B="" C="DET-16" />
    <DLV A="0002" B="" C="DET-15" />
    <DLV A="0043" B="" C="DET-9" />
    <DLV A="0043" B="" C="DET-8" />
    <DLV A="0074" B="" C="DET-1" />
    <DLV A="00A1" B="" C="DET-1" />
    <DLV A="0001" B="" C="DET-1" />
    <DLV A="0002" B="" C="DET-1" />
    <DLV A="009E" B="" C="DET-16" />
    <DLV A="008E" B="" C="DET-16" />
    <DLV A="0001" B="" C="DET-16" />
    <DLV A="009E" B="" C="DET-15" />
    <DLV A="008E" B="" C="DET-15" />
    <DLV A="0004" B="" C="DET-1" />
    <DLV A="0001" B="" C="DET-15" />
    <DLV A="00CE" B="" C="DET-9" />
    <DLV A="00CD" B="" C="DET-9" />
    <DLV A="00A0" B="" C="DET-9" />
    <DLV A="008D" B="" C="DET-9" />
    <DLV A="00CE" B="" C="DET-8" />
    <DLV A="00CD" B="" C="DET-8" />
    <DLV A="00A0" B="" C="DET-8" />
    <DLV A="008D" B="" C="DET-8" />
    <DLV A="008D" B="" C="DET-13" />
    <DLV A="0077" B="" C="DET-13" />
    <DLV A="0075" B="" C="DET-13" />
    <DLV A="008D" B="" C="DET-1" />
    <DLV A="0074" B="" C="DET-13" />
    <DLV A="0050" B="" C="DET-13" />
    <DLV A="0050" B="" C="DET-15" />
    <DLV A="0077" B="" C="DET-15" />
    <DLV A="0075" B="" C="DET-15" />
    <DLV A="0074" B="" C="DET-15" />
    <DLV A="0050" B="" C="DET-16" />
    <DLV A="0077" B="" C="DET-16" />
    <DLV A="0075" B="" C="DET-16" />
    <DLV A="0074" B="" C="DET-16" />
</TIM>
